,Accuracy,MCC,F1
knn,0.9666666666666667,0.9503960809010947,0.9666458203043571
svm_rbf,0.9833333333333333,0.9754065040827025,0.9833229101521785
dt,1.0,1.0,1.0
rf,0.9916666666666667,0.9876028806587153,0.9916653643798511
mlp,0.9833333333333333,0.9754065040827025,0.9833229101521785
stack,0.9833333333333333,0.9754065040827025,0.9833229101521785
